id,pred
2023_1104_1112,0.5247834073810258
2023_1104_1113,0.782196545431792
2023_1104_1116,0.6718058213576541
2023_1104_1120,0.6440771119422932
2023_1104_1124,0.5247489595867608
2023_1104_1129,0.794711179345874
2023_1104_1158,0.8323122412371533
2023_1104_1159,0.8895500390645429
2023_1104_1163,0.48208416152243383
2023_1104_1166,0.6110203175294101
2023_1104_1179,0.7971677544180671
2023_1104_1181,0.5296315626037467
2023_1104_1192,0.9828838055429655
2023_1104_1194,0.8030207298965093
2023_1104_1202,0.860077018032469
2023_1104_1211,0.48909710944526974
2023_1104_1213,0.9123580748903921
2023_1104_1222,0.43024670820163735
2023_1104_1224,0.9843474824754782
2023_1104_1228,0.621799268789434
2023_1104_1231,0.5764280831021766
2023_1104_1233,0.8429355344118026
2023_1104_1234,0.6344485035124026
2023_1104_1235,0.6888504281241598
2023_1104_1242,0.5168216308140821
2023_1104_1243,0.7191097267056632
2023_1104_1244,0.9576575952348994
2023_1104_1245,0.8033287901210623
2023_1104_1246,0.5865626640636596
2023_1104_1266,0.4699227004164487
2023_1104_1268,0.6949519436250792
2023_1104_1272,0.6419587949848722
2023_1104_1274,0.5990380868910996
2023_1104_1277,0.727451572124973
2023_1104_1280,0.678799937349267
2023_1104_1281,0.542022038267581
2023_1104_1286,0.9262097916504635
2023_1104_1297,0.9329677590180989
2023_1104_1301,0.7121955606500145
2023_1104_1305,0.8744873758133462
2023_1104_1321,0.7573590033576876
2023_1104_1331,0.8611685259637565
2023_1104_1336,0.7138390778826202
2023_1104_1338,0.7934032560526212
2023_1104_1343,0.9005979218011094
2023_1104_1344,0.6563562829312253
2023_1104_1345,0.47027304318977314
2023_1104_1361,0.6730016500286303
2023_1104_1364,0.9065424803441364
2023_1104_1369,0.9800843386291509
2023_1104_1388,0.672127588611394
2023_1104_1394,0.966663586920045
2023_1104_1395,0.6678001464798577
2023_1104_1397,0.573456375199719
2023_1104_1400,0.4688661944432273
2023_1104_1401,0.5817629830467763
2023_1104_1411,0.9914762663523272
2023_1104_1417,0.509965634042691
2023_1104_1418,0.9005629918874135
2023_1104_1421,0.9564540847953639
2023_1104_1425,0.7260131066173752
2023_1104_1429,0.7607253282649831
2023_1104_1433,0.7621767852313511
2023_1104_1436,0.9267155155990998
2023_1104_1438,0.5575292531106786
2023_1104_1452,0.6913081283136289
2023_1104_1462,0.6153271289782667
2023_1112_1113,0.7610930701893672
2023_1112_1116,0.6448626004767318
2023_1112_1120,0.6161581318523122
2023_1112_1124,0.4948115413331503
2023_1112_1129,0.7744706570304841
2023_1112_1158,0.8149155987359338
2023_1112_1159,0.8772154891770811
2023_1112_1163,0.4522644722845782
2023_1112_1166,0.5821903996818818
2023_1112_1179,0.7771015054284428
2023_1112_1181,0.4997084794947342
2023_1112_1192,0.9807467513383762
2023_1112_1194,0.7833761689269534
2023_1112_1202,0.8450244780579002
2023_1112_1211,0.45922826519351634
2023_1112_1213,0.9022908468093195
2023_1112_1222,0.4011499232544272
2023_1112_1224,0.982389902398904
2023_1112_1228,0.5932364139411244
2023_1112_1231,0.5469353770986418
2023_1112_1233,0.8264111400315479
2023_1112_1234,0.6062359931625363
2023_1112_1235,0.6626037383963135
2023_1112_1242,0.4868731526498381
2023_1112_1243,0.6942827121027271
2023_1112_1244,0.9525230443937945
2023_1112_1245,0.7837066766033924
2023_1112_1246,0.5572335850743246
2023_1112_1266,0.4402158679616299
2023_1112_1268,0.6689726077283913
2023_1112_1272,0.6139732414290705
2023_1112_1274,0.5699451457512776
2023_1112_1277,0.7030574092902357
2023_1112_1280,0.6521335836538085
2023_1112_1281,0.5121611540852272
2023_1112_1286,0.9175899589500383
2023_1112_1297,0.9250734990139767
2023_1112_1301,0.6870234016258643
2023_1112_1305,0.8607340465794084
2023_1112_1321,0.7346653110095825
2023_1112_1331,0.846212411732767
2023_1112_1336,0.6887478435497733
2023_1112_1338,0.7730706016690239
2023_1112_1343,0.8893436724946076
2023_1112_1344,0.6288454476233007
2023_1112_1345,0.44056247067240595
2023_1112_1361,0.6461048859156682
2023_1112_1364,0.8958834617951581
2023_1112_1369,0.9776057188301864
2023_1112_1388,0.6451968323669433
2023_1112_1394,0.9625784515546518
2023_1112_1395,0.6407039528126999
2023_1112_1397,0.5439204686418395
2023_1112_1400,0.439170815997712
2023_1112_1401,0.5523532662439938
2023_1112_1411,0.9904015530344479
2023_1112_1417,0.48001975301061983
2023_1112_1418,0.8893052739226841
2023_1112_1421,0.9511810328229299
2023_1112_1425,0.7015430179753152
2023_1112_1429,0.7382376626592895
2023_1112_1433,0.7397788690470322
2023_1112_1436,0.9181495385843071
2023_1112_1438,0.5277986132622383
2023_1112_1452,0.6651679840951022
2023_1112_1462,0.5866004514358922
2023_1113_1116,0.3616455296175687
2023_1113_1120,0.3337019781273748
2023_1113_1124,0.23406180282063038
2023_1113_1129,0.5172351161629818
2023_1113_1158,0.578717518641152
2023_1113_1159,0.6903081006272216
2023_1113_1163,0.20484440173022145
2023_1113_1166,0.3030132229106891
2023_1113_1179,0.5210108157184745
2023_1113_1181,0.23759184371384046
2023_1113_1192,0.9408035488120147
2023_1113_1194,0.5301356645470093
2023_1113_1202,0.6297948230384516
2023_1113_1211,0.20945534624484563
2023_1113_1213,0.7423425804745544
2023_1113_1222,0.17286774863273713
2023_1113_1224,0.9456667627889815
2023_1113_1228,0.31272702696625776
2023_1113_1231,0.2735936037936483
2023_1113_1233,0.5976399287032732
2023_1113_1234,0.3244832287143462
2023_1113_1235,0.37993063190117393
2023_1113_1242,0.2284152685135149
2023_1113_1243,0.4147062924856424
2023_1113_1244,0.8622503966033704
2023_1113_1245,0.5306210410194194
2023_1113_1246,0.28194795702923814
2023_1113_1266,0.19701633542438968
2023_1113_1268,0.38669651156005425
2023_1113_1272,0.33165326723304633
2023_1113_1274,0.292528684416858
2023_1113_1277,0.42485799782397093
2023_1113_1280,0.3690415366852299
2023_1113_1281,0.24673401647966775
2023_1113_1286,0.7764820196585625
2023_1113_1297,0.7939012789589549
2023_1113_1301,0.40648347608099067
2023_1113_1305,0.6585048522478363
2023_1113_1321,0.4634804790830932
2023_1113_1331,0.631913916455727
2023_1113_1336,0.40842266043751074
2023_1113_1338,0.5152377103481276
2023_1113_1343,0.7148979838802627
2023_1113_1344,0.3458130732399055
2023_1113_1345,0.19723892417297073
2023_1113_1361,0.3628997403734441
2023_1113_1364,0.7286013173021868
2023_1113_1369,0.9316005348971041
2023_1113_1388,0.36198259087491325
2023_1113_1394,0.8892011580208388
2023_1113_1395,0.3574748606283261
2023_1113_1397,0.2711835783795241
2023_1113_1400,0.19634612239127702
2023_1113_1401,0.27796502699669723
2023_1113_1411,0.9698731196356557
2023_1113_1417,0.22361455377062567
2023_1113_1418,0.714818462483094
2023_1113_1421,0.8587351176269995
2023_1113_1425,0.4230890371931605
2023_1113_1429,0.46806032994117464
2023_1113_1433,0.47005035471378387
2023_1113_1436,0.7777676932208412
2023_1113_1438,0.2585626823642747
2023_1113_1452,0.38264157539422494
2023_1113_1462,0.30686171075598445
2023_1116_1120,0.4640962900716009
2023_1116_1124,0.34572366371544627
2023_1116_1129,0.6494435293202858
2023_1116_1158,0.7037328409047989
2023_1116_1159,0.7939965795476382
2023_1116_1163,0.3081759335496269
2023_1116_1166,0.429139285905625
2023_1116_1179,0.6528791547462632
2023_1116_1181,0.3501678469792089
2023_1116_1192,0.9648890151927534
2023_1116_1194,0.6611258083911867
2023_1116_1202,0.7462976895384685
2023_1116_1211,0.31419375841350505
2023_1116_1213,0.8328283255950626
2023_1116_1222,0.2654539196687665
2023_1116_1224,0.9678411533437253
2023_1116_1228,0.44034190466878376
2023_1116_1231,0.3944034739606811
2023_1116_1233,0.7197591740692406
2023_1116_1234,0.4537283165648366
2023_1116_1235,0.5144418875526131
2023_1116_1242,0.3385741239130974
2023_1116_1243,0.5505969843678167
2023_1116_1244,0.9154238161722137
2023_1116_1245,0.661562254861358
2023_1116_1246,0.4043931496110612
2023_1116_1266,0.29787836331905626
2023_1116_1268,0.5215882118318886
2023_1116_1272,0.4618018837182859
2023_1116_1274,0.4169010323012625
2023_1116_1277,0.5608874024201641
2023_1116_1280,0.5028238349507543
2023_1116_1281,0.36158735224312666
2023_1116_1286,0.8572834257527956
2023_1116_1297,0.8694642552057601
2023_1116_1301,0.54217567057184
2023_1116_1305,0.7692825826947571
2023_1116_1321,0.5989969831355888
2023_1116_1331,0.7480167273406664
2023_1116_1336,0.5441686777494261
2023_1116_1338,0.6476204668557886
2023_1116_1343,0.8125886489394184
2023_1116_1344,0.4775479931119412
2023_1116_1345,0.29817259128442986
2023_1116_1361,0.49620653589495956
2023_1116_1364,0.8227606260870272
2023_1116_1369,0.9592683488679896
2023_1116_1388,0.49521435600146446
2023_1116_1394,0.932782188224403
2023_1116_1395,0.49032255534357716
2023_1116_1397,0.39150281387705455
2023_1116_1400,0.29699194065720336
2023_1116_1401,0.39964320316433477
2023_1116_1411,0.9823528062416251
2023_1116_1417,0.33245573304550347
2023_1116_1418,0.812529230281618
2023_1116_1421,0.9131287757948573
2023_1116_1425,0.559102646812594
2023_1116_1429,0.603409882582672
2023_1116_1433,0.6053205231959511
2023_1116_1436,0.8581892121883226
2023_1116_1438,0.3761724740436757
2023_1116_1452,0.5173118862769774
2023_1116_1462,0.43359313431805535
2023_1120_1124,0.37587524102807357
2023_1120_1129,0.6786099625591107
2023_1120_1158,0.730258440009693
2023_1120_1159,0.8145700702015415
2023_1120_1163,0.33673823514426815
2023_1120_1166,0.46143507204721246
2023_1120_1179,0.6818997509198808
2023_1120_1181,0.3804816190223024
2023_1120_1192,0.969060580452569
2023_1120_1194,0.6897845461397567
2023_1120_1202,0.7702564798397443
2023_1120_1211,0.34303724906894595
2023_1120_1213,0.8502551013254989
2023_1120_1222,0.2917263206365662
2023_1120_1224,0.971672270007508
2023_1120_1228,0.47278253776497137
2023_1120_1231,0.4260360710451052
2023_1120_1233,0.7453690737450647
2023_1120_1234,0.4862982201174786
2023_1120_1235,0.547005933211373
2023_1120_1242,0.3684533088046946
2023_1120_1243,0.5827031507687253
2023_1120_1244,0.9250156639055788
2023_1120_1245,0.6902013781120031
2023_1120_1246,0.43624979360191274
2023_1120_1266,0.3259359084011949
2023_1120_1268,0.5540884125965753
2023_1120_1272,0.4944267898873207
2023_1120_1274,0.44900021104961785
2023_1120_1277,0.592802100010988
2023_1120_1280,0.535463466598144
2023_1120_1281,0.3922929141675786
2023_1120_1286,0.8725510105844043
2023_1120_1297,0.88360567621636
2023_1120_1301,0.574418440556553
2023_1120_1305,0.7916766681344062
2023_1120_1321,0.6299691826539415
2023_1120_1331,0.7718628035824957
2023_1120_1336,0.5763807555769513
2023_1120_1338,0.6768631099961172
2023_1120_1343,0.8316989328549274
2023_1120_1344,0.5102307058133951
2023_1120_1345,0.3262449727369313
2023_1120_1361,0.5288735532099889
2023_1120_1364,0.8410365861050975
2023_1120_1369,0.9640828520389642
2023_1120_1388,0.5278844968078785
2023_1120_1394,0.9405332937117382
2023_1120_1395,0.5230043437625221
2023_1120_1397,0.42306529049849684
2023_1120_1400,0.325004640606976
2023_1120_1401,0.43139668383695273
2023_1120_1411,0.9844828519029415
2023_1120_1417,0.36209055857663186
2023_1120_1418,0.8316443177909596
2023_1120_1421,0.9229590007109074
2023_1120_1425,0.5910524834280211
2023_1120_1429,0.6342493614048493
2023_1120_1433,0.6361010285007658
2023_1120_1436,0.8733742101052296
2023_1120_1438,0.40732635438798337
2023_1120_1452,0.5498518766026972
2023_1120_1462,0.4659505190191404
2023_1124_1129,0.7788004381692528
2023_1124_1158,0.8186507239978256
2023_1124_1159,0.8798786848941195
2023_1124_1163,0.45845466269120183
2023_1124_1166,0.5882490565444867
2023_1124_1179,0.781395035264755
2023_1124_1181,0.5059482110954743
2023_1124_1192,0.9812124486938771
2023_1124_1194,0.7875818723708978
2023_1124_1202,0.8482651227789837
2023_1124_1211,0.4654327775061291
2023_1124_1213,0.9044693882447722
2023_1124_1222,0.40716056046171845
2023_1124_1224,0.9828165515905796
2023_1124_1228,0.5992451523766849
2023_1124_1231,0.5531128464560927
2023_1124_1233,0.8299626833771758
2023_1124_1234,0.6121782388709263
2023_1124_1235,0.6681609645145752
2023_1124_1242,0.49311058379379236
2023_1124_1243,0.6995547486166374
2023_1124_1244,0.9536391457479093
2023_1124_1245,0.7879077005891525
2023_1124_1246,0.5633827324980778
2023_1124_1266,0.446375541222652
2023_1124_1268,0.6744764684784085
2023_1124_1272,0.6198719384367714
2023_1124_1274,0.5760520666614941
2023_1124_1277,0.70824171614544
2023_1124_1280,0.6577741931747331
2023_1124_1281,0.5183952589445933
2023_1124_1286,0.9194578375736279
2023_1124_1297,0.9267852921761514
2023_1124_1301,0.6923651542341748
2023_1124_1305,0.8636991794963323
2023_1124_1321,0.7395022457899484
2023_1124_1331,0.8494326420523279
2023_1124_1336,0.6940732699960381
2023_1124_1338,0.7774195366457065
2023_1124_1343,0.8917762621908443
2023_1124_1344,0.6346521187342551
2023_1124_1345,0.4467231234599722
2023_1124_1361,0.6517910536184599
2023_1124_1364,0.8981887436406573
2023_1124_1369,0.9781456984620026
2023_1124_1388,0.6508897066646357
2023_1124_1394,0.9634672338725669
2023_1124_1395,0.6464294110250053
2023_1124_1397,0.5501052316015157
2023_1124_1400,0.44532749940288885
2023_1124_1401,0.5585164926881097
2023_1124_1411,0.9906359498765246
2023_1124_1417,0.48625258574344987
2023_1124_1418,0.8917386049886467
2023_1124_1421,0.9523271035877314
2023_1124_1425,0.7067427360723305
2023_1124_1429,0.7430322532432743
2023_1124_1433,0.7445549980185575
2023_1124_1436,0.9200058396687177
2023_1124_1438,0.5340147015468311
2023_1124_1452,0.6707039646179662
2023_1124_1462,0.5926399042275969
2023_1129_1158,0.5684904644069667
2023_1129_1159,0.6812981782768261
2023_1129_1163,0.19811729249321874
2023_1129_1166,0.29425526691316195
2023_1129_1179,0.5105676310021097
2023_1129_1181,0.23010051090265915
2023_1129_1192,0.9384313441693763
2023_1129_1194,0.5197080280847561
2023_1129_1202,0.6199935245352097
2023_1129_1211,0.20261539781371718
2023_1129_1213,0.7342637459387368
2023_1129_1222,0.16697024765942392
2023_1129_1224,0.9434777353161851
2023_1129_1228,0.30381069361938473
2023_1129_1231,0.2653622223014104
2023_1129_1233,0.587544846206157
2023_1129_1234,0.31538552339861015
2023_1129_1235,0.3701301217620441
2023_1129_1242,0.22112935520645693
2023_1129_1243,0.404594053489706
2023_1129_1244,0.857208074497232
2023_1129_1245,0.520194427220821
2023_1129_1246,0.2735598820326314
2023_1129_1266,0.1904847167562692
2023_1129_1268,0.3768275367336985
2023_1129_1272,0.32245049131898074
2023_1129_1274,0.28395030692705303
2023_1129_1277,0.414673597907409
2023_1129_1280,0.35935912765638256
2023_1129_1281,0.23904480783387305
2023_1129_1286,0.7691407318491277
2023_1129_1297,0.7869751544723924
2023_1129_1301,0.3964359347047227
2023_1129_1305,0.6490400829937
2023_1129_1321,0.4530996222148793
2023_1129_1331,0.6221350604833062
2023_1129_1336,0.39835935791877153
2023_1129_1338,0.5047882929536265
2023_1129_1343,0.7062990837270657
2023_1129_1344,0.3364151607841499
2023_1129_1345,0.19070167863895815
2023_1129_1361,0.35328824536624304
2023_1129_1364,0.7202539911340293
2023_1129_1369,0.9288874101860459
2023_1129_1388,0.3523819514227229
2023_1129_1394,0.8850138082140694
2023_1129_1395,0.34792857985226155
2023_1129_1397,0.26299845332948346
2023_1129_1400,0.18983147025319402
2023_1129_1401,0.2696509477494241
2023_1129_1411,0.9686269857611295
2023_1129_1417,0.21643881679120758
2023_1129_1418,0.7062181495177269
2023_1129_1421,0.8535859686814942
2023_1129_1425,0.4129165978938891
2023_1129_1429,0.45766439667878955
2023_1129_1433,0.45964841464660955
2023_1129_1436,0.7704561492714013
2023_1129_1438,0.25062749600166434
2023_1129_1452,0.37281318018571463
2023_1129_1462,0.29804008669725923
2023_1158_1159,0.6260006873098833
2023_1158_1163,0.16209125455192286
2023_1158_1166,0.24611283923077
2023_1158_1179,0.4495795081316225
2023_1158_1181,0.18963395797201477
2023_1158_1192,0.922685732094767
2023_1158_1194,0.45865123807805275
2023_1158_1202,0.5609144484858027
2023_1158_1211,0.1659406800085388
2023_1158_1213,0.6838922810532813
2023_1158_1222,0.13564993005380588
2023_1158_1224,0.9289249457133999
2023_1158_1228,0.25466905865904166
2023_1158_1231,0.22047019536198464
2023_1158_1233,0.5272675393265555
2023_1158_1234,0.2650845328978656
2023_1158_1235,0.3151167354026201
2023_1158_1242,0.18186782075393837
2023_1158_1243,0.34728250490038237
2023_1158_1244,0.8245734176568127
2023_1158_1245,0.4591351200411723
2023_1158_1246,0.2277108988748633
2023_1158_1266,0.15557732350640952
2023_1158_1268,0.3213265247571765
2023_1158_1272,0.271469512641613
2023_1158_1274,0.23692784734057548
2023_1158_1277,0.3567898463228354
2023_1158_1280,0.30517101814358893
2023_1158_1281,0.19740859557630086
2023_1158_1286,0.7228852961606596
2023_1158_1297,0.7430995294935617
2023_1158_1301,0.33962083525942044
2023_1158_1305,0.5915014665446163
2023_1158_1321,0.39345761525120626
2023_1158_1331,0.5631543363359672
2023_1158_1336,0.3414245362565149
2023_1158_1338,0.44386444427852656
2023_1158_1343,0.6531309251234586
2023_1158_1344,0.2841522468734846
2023_1158_1345,0.15576217619271115
2023_1158_1361,0.2995874790010188
2023_1158_1364,0.6684261187036414
2023_1158_1369,0.9109326814071412
2023_1158_1388,0.29875530490374824
2023_1158_1394,0.8576789690910691
2023_1158_1395,0.29467129019335847
2023_1158_1397,0.21838743669151695
2023_1158_1400,0.1550208636116659
2023_1158_1401,0.22425486197051503
2023_1158_1411,0.9602767501263406
2023_1158_1417,0.177819954268153
2023_1158_1418,0.6530425367778896
2023_1158_1421,0.8202970330322312
2023_1158_1425,0.35512930109643615
2023_1158_1429,0.3978586411312366
2023_1158_1433,0.39977450776492407
2023_1158_1436,0.7243698237373384
2023_1158_1438,0.20752402809811776
2023_1158_1452,0.31760208756250474
2023_1158_1462,0.24949734417205016
2023_1159_1163,0.10514525679409226
2023_1159_1166,0.16547791469643847
2023_1159_1179,0.3316041411501809
2023_1159_1181,0.12444879781709428
2023_1159_1192,0.878770814698929
2023_1159_1194,0.33976479730832765
2023_1159_1202,0.4369143004712954
2023_1159_1211,0.10781631501228606
2023_1159_1213,0.5678656910025248
2023_1159_1222,0.08702848284035247
2023_1159_1224,0.888124235857208
2023_1159_1228,0.1718699194872838
2023_1159_1231,0.1466029129253278
2023_1159_1233,0.4038640547326492
2023_1159_1234,0.17971558541925958
2023_1159_1235,0.21842402141945083
2023_1159_1242,0.11896032335586104
2023_1159_1243,0.24423959375619375
2023_1159_1244,0.7405975550047734
2023_1159_1245,0.34020207508567935
2023_1159_1246,0.15189035440700815
2023_1159_1266,0.1006449247135579
2023_1159_1268,0.22334974922926165
2023_1159_1272,0.1845607081297328
2023_1159_1274,0.15866887451029177
2023_1159_1277,0.25201516234704024
2023_1159_1280,0.21059173095203076
2023_1159_1281,0.12997961970111482
2023_1159_1286,0.6130735178737724
2023_1159_1297,0.6372787128096186
2023_1159_1301,0.23802224086655788
2023_1159_1305,0.4679457583976512
2023_1159_1321,0.2826468229621646
2023_1159_1331,0.43915426581220174
2023_1159_1336,0.23948203525583267
2023_1159_1338,0.3264991853278194
2023_1159_1343,0.5335149977005719
2023_1159_1344,0.19426585647000605
2023_1159_1345,0.10077229737453541
2023_1159_1361,0.2062250538512106
2023_1159_1364,0.5504542766586087
2023_1159_1369,0.8613451608600384
2023_1159_1388,0.20557609871512228
2023_1159_1394,0.7854266926409258
2023_1159_1395,0.20239820878421377
2023_1159_1397,0.14508809129069045
2023_1159_1400,0.10026161509627407
2023_1159_1401,0.1493625107747475
2023_1159_1411,0.9362382185235163
2023_1159_1417,0.11611388467823491
2023_1159_1418,0.5334179035143558
2023_1159_1421,0.7349321426768304
2023_1159_1425,0.2506522256971855
2023_1159_1429,0.28639362148423775
2023_1159_1433,0.28802948622363256
2023_1159_1436,0.6148328745157715
2023_1159_1438,0.13723069215065764
2023_1159_1452,0.22039215863539285
2023_1159_1462,0.16800064994230568
2023_1163_1166,0.6281022795527117
2023_1163_1179,0.8086352915552437
2023_1163_1181,0.5476416194275529
2023_1163_1192,0.9840614383355109
2023_1163_1194,0.8142344696433566
2023_1163_1202,0.8685742300967103
2023_1163_1211,0.5072151419678683
2023_1163_1213,0.9179831338051283
2023_1163_1222,0.44809674420463663
2023_1163_1224,0.985425904225233
2023_1163_1228,0.6386877827780855
2023_1163_1231,0.5940198132415043
2023_1163_1233,0.8522949410513023
2023_1163_1234,0.6510891222659845
2023_1163_1235,0.70416929913095
2023_1163_1242,0.5348914412891101
2023_1163_1243,0.7335151577655605
2023_1163_1244,0.9605010992813148
2023_1163_1245,0.8145290430098755
2023_1163_1246,0.6040226290224294
2023_1163_1266,0.4880089040860637
2023_1163_1268,0.7100968400372375
2023_1163_1272,0.6584415850328403
2023_1163_1274,0.6163158257685739
2023_1163_1277,0.7415829291954236
2023_1163_1280,0.6943941017898674
2023_1163_1281,0.559951849970793
2023_1163_1286,0.9310130391464034
2023_1163_1297,0.9373608583003109
2023_1163_1301,0.7268208796857568
2023_1163_1305,0.8822293078732311
2023_1163_1321,0.7704290548598381
2023_1163_1331,0.8696095021757615
2023_1163_1336,0.7284127272681113
2023_1163_1338,0.8050315727410537
2023_1163_1343,0.9069007532285949
2023_1163_1344,0.6725143889663305
2023_1163_1345,0.488360308036639
2023_1163_1361,0.688748240345552
2023_1163_1364,0.9125050020010315
2023_1163_1369,0.981450946117959
2023_1163_1388,0.6878967499773891
2023_1163_1394,0.9689219206196904
2023_1163_1395,0.6836794865979595
2023_1163_1397,0.5910839717937572
2023_1163_1400,0.4869490897344557
2023_1163_1401,0.5992871714826769
2023_1163_1411,0.9920674896686215
2023_1163_1417,0.5280577095075307
2023_1163_1418,0.9068678090938342
2023_1163_1421,0.9593749820232002
2023_1163_1425,0.7401924095247991
2023_1163_1429,0.7736682391962283
2023_1163_1433,0.7750643986108664
2023_1163_1436,0.931488278894231
2023_1163_1438,0.5753276241173059
2023_1163_1452,0.7065575437723433
2023_1163_1462,0.6323337641740834
2023_1166_1179,0.7186349754442736
2023_1166_1181,0.4225485846789072
2023_1166_1192,0.9739027287208208
2023_1166_1194,0.7259751231461873
2023_1166_1202,0.7997839539203299
2023_1166_1211,0.38352720050401934
2023_1166_1213,0.8712198735927458
2023_1166_1222,0.32919463846703834
2023_1166_1224,0.9761157521050468
2023_1166_1228,0.5165457198683594
2023_1166_1231,0.46932409820079046
2023_1166_1233,0.777169827999358
2023_1166_1234,0.5300546695601727
2023_1166_1235,0.5899515878603805
2023_1166_1242,0.41007066695355743
2023_1166_1243,0.6245871858589054
2023_1166_1244,0.9362978935719064
2023_1166_1245,0.7263626173835211
2023_1166_1246,0.47970824384695365
2023_1166_1266,0.36553042681322057
2023_1166_1268,0.5968574755233657
2023_1166_1272,0.5381484327088184
2023_1166_1274,0.49261892578914657
2023_1166_1277,0.634308636318436
2023_1166_1280,0.578660513934447
2023_1166_1281,0.43474935519598124
2023_1166_1286,0.8907952013312321
2023_1166_1297,0.900447951248491
2023_1166_1301,0.616586868654394
2023_1166_1305,0.81909771078881
2023_1166_1321,0.6697974802631403
2023_1166_1331,0.8012371011776036
2023_1166_1336,0.6184838882974614
2023_1166_1338,0.7139359747103698
2023_1166_1343,0.8548180307056442
2023_1166_1344,0.5538189859194785
2023_1166_1345,0.365856658119631
2023_1166_1361,0.5721938052870637
2023_1166_1364,0.863084152687386
2023_1166_1369,0.969679660821499
2023_1166_1388,0.5712219611218439
2023_1166_1394,0.9496079158455407
2023_1166_1395,0.5664218376743275
2023_1166_1397,0.4662966949051801
2023_1166_1400,0.3645472120053306
2023_1166_1401,0.47477883440693136
2023_1166_1411,0.986943869380661
2023_1166_1417,0.40344834726753254
2023_1166_1418,0.854769607926942
2023_1166_1421,0.9345287760326226
2023_1166_1425,0.6326268391105712
2023_1166_1429,0.6738554715957021
2023_1166_1433,0.6756091798950814
2023_1166_1436,0.8915152118310543
2023_1166_1438,0.45020447730463176
2023_1166_1452,0.5927286081667864
2023_1166_1462,0.5096926798325768
2023_1179_1181,0.22912521791085105
2023_1179_1192,0.9381120120891242
2023_1179_1194,0.5183316389757109
2023_1179_1202,0.6186936697097014
2023_1179_1211,0.20172607779064267
2023_1179_1213,0.7331865530418311
2023_1179_1222,0.16620477060120342
2023_1179_1224,0.9431829921826879
2023_1179_1228,0.3026457895416327
2023_1179_1231,0.2642887764080005
2023_1179_1233,0.5862080761365591
2023_1179_1234,0.31419626759069563
2023_1179_1235,0.368845652576537
2023_1179_1242,0.2201812123537833
2023_1179_1243,0.40326655646735854
2023_1179_1244,0.8565318741957487
2023_1179_1245,0.5188181414414597
2023_1179_1246,0.2724655738714288
2023_1179_1266,0.18963597812591193
2023_1179_1268,0.3755336825585093
2023_1179_1272,0.3212470957008404
2023_1179_1274,0.2828306170161766
2023_1179_1277,0.4133359878831596
2023_1179_1280,0.3580907868324297
2023_1179_1281,0.2380433255418527
2023_1179_1286,0.768160277581564
2023_1179_1297,0.786049373466909
2023_1179_1301,0.39511744191985987
2023_1179_1305,0.6477831406973673
2023_1179_1321,0.4517337221786778
2023_1179_1331,0.6208380511375263
2023_1179_1336,0.3970386762150102
2023_1179_1338,0.5034100019413724
2023_1179_1343,0.7051540520846948
2023_1179_1344,0.3351854307798652
2023_1179_1345,0.18985220001520298
2023_1179_1361,0.35202955744244036
2023_1179_1364,0.7191417304886757
2023_1179_1369,0.9285223478426972
2023_1179_1388,0.3511247393160707
2023_1179_1394,0.8844515343309074
2023_1179_1395,0.3466787509312774
2023_1179_1397,0.26193116011872897
2023_1179_1400,0.1889849627734138
2023_1179_1401,0.2685664953773854
2023_1179_1411,0.9684590026314494
2023_1179_1417,0.21550522098835678
2023_1179_1418,0.7050729340986683
2023_1179_1421,0.8528955592225997
2023_1179_1425,0.4115806701986169
2023_1179_1429,0.45629621690709676
2023_1179_1433,0.45827931560356194
2023_1179_1436,0.7694796071993815
2023_1179_1438,0.2495934043319561
2023_1179_1452,0.37152489200962857
2023_1179_1462,0.2968878732185385
2023_1181_1192,0.9808516783555794
2023_1181_1194,0.7843201854422435
2023_1181_1202,0.8457527381100727
2023_1181_1211,0.46061224396815337
2023_1181_1213,0.902780961374346
2023_1181_1222,0.40248914424760307
2023_1181_1224,0.9824860344296135
2023_1181_1228,0.5945802072777677
2023_1181_1231,0.5483156684795989
2023_1181_1233,0.8272089823357881
2023_1181_1234,0.6075652500204495
2023_1181_1235,0.6638482215731516
2023_1181_1242,0.48826522079721435
2023_1181_1243,0.6954640514029706
2023_1181_1244,0.9527743793530007
2023_1181_1245,0.7846496487529084
2023_1181_1246,0.5586078221192583
2023_1181_1266,0.4415893378107332
2023_1181_1268,0.6702052917117605
2023_1181_1272,0.6152929538966531
2023_1181_1274,0.5713102815695387
2023_1181_1277,0.7042192868828059
2023_1181_1280,0.6533964845296611
2023_1181_1281,0.5135531621616038
2023_1181_1286,0.9180103056622299
2023_1181_1297,0.9254587754940199
2023_1181_1301,0.6882201951932232
2023_1181_1305,0.861400592524272
2023_1181_1321,0.7357499975946515
2023_1181_1331,0.8469361006121526
2023_1181_1336,0.689941018981991
2023_1181_1338,0.7740465747125104
2023_1181_1343,0.8898908055326407
2023_1181_1344,0.6301449444274942
2023_1181_1345,0.4419361681815932
2023_1181_1361,0.647377838898342
2023_1181_1364,0.8964020259780842
2023_1181_1369,0.977727375204585
2023_1181_1388,0.646471264407438
2023_1181_1394,0.9627786350029467
2023_1181_1395,0.6419855680797473
2023_1181_1397,0.5453023090432003
2023_1181_1400,0.4405435913109519
2023_1181_1401,0.5537305196297054
2023_1181_1411,0.9904543751039219
2023_1181_1417,0.48141060998090435
2023_1181_1418,0.8898525733054263
2023_1181_1421,0.951439109973197
2023_1181_1425,0.7027083154454873
2023_1181_1429,0.7393129274567836
2023_1181_1433,0.7408500253011107
2023_1181_1436,0.918567284366114
2023_1181_1438,0.5291870190271957
2023_1181_1452,0.6664077708662224
2023_1181_1462,0.5879509404484089
2023_1192_1194,0.0677674529659611
2023_1192_1202,0.09878015561203124
2023_1192_1211,0.016784033117905883
2023_1192_1213,0.15656530924678735
2023_1192_1222,0.013286556157433349
2023_1192_1224,0.5286099400905067
2023_1192_1228,0.028481928705237025
2023_1192_1231,0.023691667955135998
2023_1192_1233,0.08734053578693535
2023_1192_1234,0.03001936785576076
2023_1192_1235,0.03797794173157443
2023_1192_1242,0.01871623463646388
2023_1192_1243,0.043657858097246094
2023_1192_1244,0.28739267231911747
2023_1192_1245,0.06789066584385206
2023_1192_1246,0.02467431210236426
2023_1192_1266,0.015562029844320757
2023_1192_1268,0.03903764024446632
2023_1192_1272,0.030981115626116718
2023_1192_1274,0.025949177717762395
2023_1192_1277,0.04543160956330605
2023_1192_1280,0.03631547476600194
2023_1192_1281,0.020667744903068552
2023_1192_1286,0.18288720101930633
2023_1192_1297,0.19883599060386137
2023_1192_1301,0.04226098562769354
2023_1192_1305,0.1105091612798319
2023_1192_1321,0.05272359325976905
2023_1192_1331,0.09959319220719853
2023_1192_1336,0.04258727542197016
2023_1192_1338,0.06409068929912565
2023_1192_1343,0.13908668871221197
2023_1192_1344,0.032936459860088196
2023_1192_1345,0.015583590390239488
2023_1192_1361,0.03540041138560601
2023_1192_1364,0.1474614800605788
2023_1192_1369,0.46738385814984007
2023_1192_1388,0.03526513025277345
2023_1192_1394,0.34083350658361156
2023_1192_1395,0.03460530260134986
2023_1192_1397,0.02341202457523328
2023_1192_1400,0.015497177631824122
2023_1192_1401,0.024203248104817332
2023_1192_1411,0.6747083255889195
2023_1192_1417,0.01821879936405968
2023_1192_1418,0.13903998116348792
2023_1192_1421,0.2814328234400949
2023_1192_1425,0.04511851669678424
2023_1192_1429,0.053650453149361566
2023_1192_1433,0.05405760848026098
2023_1192_1436,0.18399910187815594
2023_1192_1438,0.021974744511785493
2023_1192_1452,0.03840003132094616
2023_1192_1462,0.02773261921163339
2023_1194_1202,0.6082919557927918
2023_1194_1211,0.19475407872321626
2023_1194_1213,0.7245174260376724
2023_1194_1222,0.1602140532425279
2023_1194_1224,0.940785882166943
2023_1194_1228,0.2934681044747227
2023_1194_1231,0.2558475140347144
2023_1194_1233,0.5755281705707999
2023_1194_1234,0.30482142153565805
2023_1194_1235,0.3586930506760788
2023_1194_1242,0.21274135793301696
2023_1194_1243,0.39275608689906183
2023_1194_1244,0.8510562641197172
2023_1194_1245,0.5078591313413374
2023_1194_1246,0.2638568123673619
2023_1194_1266,0.1829860500198378
2023_1194_1268,0.36530353931725534
2023_1194_1272,0.311757505989689
2023_1194_1274,0.27401770996819175
2023_1194_1277,0.40274020023237445
2023_1194_1280,0.3480709599861571
2023_1194_1281,0.23017806648106753
2023_1194_1286,0.7602559218678899
2023_1194_1297,0.7785791235119772
2023_1194_1301,0.38468244685677444
2023_1194_1305,0.6377102903519805
2023_1194_1321,0.44089335715111777
2023_1194_1331,0.6104580032978404
2023_1194_1336,0.3865853696714847
2023_1194_1338,0.4924433746652147
2023_1194_1343,0.6959518205696508
2023_1194_1344,0.3254815441847718
2023_1194_1345,0.18319640378425106
2023_1194_1361,0.3420889470078212
2023_1194_1364,0.7101966418899037
2023_1194_1369,0.9255555252819889
2023_1194_1388,0.3411962253577232
2023_1194_1394,0.8798920848255656
2023_1194_1395,0.33681069784159445
2023_1194_1397,0.2535392487941047
2023_1194_1400,0.18235272657842905
2023_1194_1401,0.2600368958791903
2023_1194_1411,0.9670910797439007
2023_1194_1417,0.2081811869442579
2023_1194_1418,0.6958692627882699
2023_1194_1421,0.8473059064101711
2023_1194_1425,0.40099912307573593
2023_1194_1429,0.44543531681226256
2023_1194_1433,0.44741005565029457
2023_1194_1436,0.761606273116749
2023_1194_1438,0.24146745583666374
2023_1194_1452,0.3613407638496118
2023_1194_1462,0.2878127316973632
2023_1202_1211,0.13785271133896593
2023_1202_1213,0.6348663877875615
2023_1202_1222,0.11200063334727461
2023_1202_1224,0.9130712704512899
2023_1202_1228,0.2154418580354741
2023_1202_1231,0.185201779029473
2023_1202_1233,0.47268031396315113
2023_1202_1234,0.22473675878743393
2023_1202_1235,0.2699509564495074
2023_1202_1242,0.15157387121908028
2023_1202_1243,0.2995226496000768
2023_1202_1244,0.7906883151820272
2023_1202_1245,0.40555032040841943
2023_1202_1246,0.19156884235383553
2023_1202_1266,0.12897226113227656
2023_1202_1268,0.2756288927248729
2023_1202_1272,0.23045464801073667
2023_1202_1274,0.1997011686246385
2023_1202_1277,0.3083401508107029
2023_1202_1280,0.26088774760597977
2023_1202_1281,0.16504822774063366
2023_1202_1286,0.6770511514808144
2023_1202_1297,0.6992176365330496
2023_1202_1301,0.2924425637708944
2023_1202_1305,0.5378299839563718
2023_1202_1321,0.3426814569647816
2023_1202_1331,0.5088509741936518
2023_1202_1336,0.29410729432290106
2023_1202_1338,0.3907742106555807
2023_1202_1343,0.6021098729507544
2023_1202_1344,0.2418573445431057
2023_1202_1345,0.12913033647823402
2023_1202_1361,0.25581613220767585
2023_1202_1364,0.6183401753701193
2023_1202_1369,0.8915343428298954
2023_1202_1388,0.2550612669621901
2023_1202_1394,0.8288612888770085
2023_1202_1395,0.25136045185206746
2023_1202_1397,0.18337382199077923
2023_1202_1400,0.12849648018453474
2023_1202_1401,0.18852743770030422
2023_1202_1411,0.9510477389996764
2023_1202_1417,0.14807822521889658
2023_1202_1418,0.6020164057057322
2023_1202_1421,0.7858004864166425
2023_1202_1425,0.3067975421971796
2023_1202_1429,0.34683930065837687
2023_1202_1433,0.34865174050387004
2023_1202_1436,0.6786720733005717
2023_1202_1438,0.1738646898537275
2023_1202_1452,0.2722216721645857
2023_1202_1462,0.21084140606728874
2023_1211_1213,0.9146270939715658
2023_1211_1222,0.4372992843964286
2023_1211_1224,0.9847838046385702
2023_1211_1228,0.6285279372134609
2023_1211_1231,0.5834231682761402
2023_1211_1233,0.8466998811241027
2023_1211_1234,0.64108202813561
2023_1211_1235,0.6949713706152172
2023_1211_1242,0.5239881978237084
2023_1211_1243,0.7248731549994571
2023_1211_1244,0.9588067771736074
2023_1211_1245,0.8078259753996748
2023_1211_1246,0.593508407645427
2023_1211_1266,0.4770810608103393
2023_1211_1268,0.7010049555219184
2023_1211_1272,0.6485315324287351
2023_1211_1274,0.6059150555082531
2023_1211_1277,0.7331073642724952
2023_1211_1280,0.6850281903004873
2023_1211_1281,0.5491408998409235
2023_1211_1286,0.9281484369273083
2023_1211_1297,0.934741365953113
2023_1211_1301,0.7180452320212466
2023_1211_1305,0.8776053235843662
2023_1211_1321,0.7625967113991016
2023_1211_1331,0.8645660951734171
2023_1211_1336,0.7196684931443147
2023_1211_1338,0.7980703530560515
2023_1211_1343,0.9031390833676073
2023_1211_1344,0.6628035462587607
2023_1211_1345,0.4774319336146273
2023_1211_1361,0.6792892145913735
2023_1211_1364,0.9089470369549905
2023_1211_1369,0.9806371605517356
2023_1211_1388,0.6784239291634699
2023_1211_1394,0.9675766197879331
2023_1211_1395,0.6741392998530573
2023_1211_1397,0.5804648180258501
2023_1211_1400,0.4760229136774963
2023_1211_1401,0.5887328244482882
2023_1211_1411,0.991715542367303
2023_1211_1417,0.5171388830736522
2023_1211_1418,0.9031049503448828
2023_1211_1421,0.9576344852735581
2023_1211_1425,0.7316877391425342
2023_1211_1429,0.765912829950391
2023_1211_1433,0.7673424431529285
2023_1211_1436,0.9286418979376915
2023_1211_1438,0.564600697839424
2023_1211_1452,0.6974019611340928
2023_1211_1462,0.6221009639255438
2023_1213_1222,0.07052227319163895
2023_1213_1224,0.8633618384849664
2023_1213_1228,0.14177106386144966
2023_1213_1231,0.12028624257159459
2023_1213_1233,0.35032397701393725
2023_1213_1234,0.14848911462136016
2023_1213_1235,0.18196374932883652
2023_1213_1242,0.09704151825772078
2023_1213_1243,0.20459813467344912
2023_1213_1244,0.6944170910406645
2023_1213_1245,0.29098213343309365
2023_1213_1246,0.12476329779936834
2023_1213_1266,0.08178751531053419
2023_1213_1268,0.18626320381192651
2023_1213_1272,0.15264903817030406
2023_1213_1274,0.13051750406874518
2023_1213_1277,0.211464802623343
2023_1213_1280,0.17514587894280442
2023_1213_1281,0.1062753850005238
2023_1213_1286,0.5577474420623645
2023_1213_1297,0.5830598955085441
2023_1213_1301,0.1991240174434794
2023_1213_1305,0.41177847989718497
2023_1213_1321,0.2387408515642192
2023_1213_1331,0.38394896867204675
2023_1213_1336,0.2004079930212549
2023_1213_1338,0.2784251655865978
2023_1213_1343,0.4765263406477558
2023_1213_1344,0.161007441872425
2023_1213_1345,0.08189319581685894
2023_1213_1361,0.17135464134590728
2023_1213_1364,0.4935706799284397
2023_1213_1369,0.8317782194476442
2023_1213_1388,0.17079180724444853
2023_1213_1394,0.7444734106281121
2023_1213_1395,0.1680378912309306
2023_1213_1397,0.11900542662836244
2023_1213_1400,0.08146951893129273
2023_1213_1401,0.12262164407088272
2023_1213_1411,0.92118016467187
2023_1213_1417,0.09466319357092068
2023_1213_1418,0.47642902537644993
2023_1213_1421,0.6881677590217677
2023_1213_1425,0.21025952229858424
2023_1213_1429,0.24210205637195692
2023_1213_1433,0.24357128211515588
2023_1213_1436,0.5595776442005782
2023_1213_1438,0.11237488958383435
2023_1213_1452,0.18368056547548506
2023_1213_1462,0.1384661047457919
2023_1222_1224,0.9882590393533539
2023_1222_1228,0.6875534686154018
2023_1222_1231,0.6455742327458317
2023_1222_1233,0.8777987594547697
2023_1222_1234,0.699067848300861
2023_1222_1235,0.747677638644099
2023_1222_1242,0.5887561973299381
2023_1222_1243,0.7740921694289851
2023_1222_1244,0.9680222662561634
2023_1222_1245,0.8453707203265783
2023_1222_1246,0.6550444575153089
2023_1222_1266,0.54266087006825
2023_1222_1268,0.7530391475495978
2023_1222_1272,0.7058660169930162
2023_1222_1274,0.6666279030231834
2023_1222_1277,0.7812977538555133
2023_1222_1280,0.7388068360754623
2023_1222_1281,0.6130140834278636
2023_1222_1286,0.9438207468325703
2023_1222_1297,0.9490545556871839
2023_1222_1301,0.768094948654114
2023_1222_1305,0.9031517724030118
2023_1222_1321,0.8068652314537768
2023_1222_1331,0.8925007467754157
2023_1222_1336,0.7695225535080671
2023_1222_1338,0.8371367883121126
2023_1222_1343,0.9238187054142791
2023_1222_1344,0.7188192740494099
2023_1222_1345,0.5430098897941322
2023_1222_1361,0.7336667707640725
2023_1222_1364,0.9284848603976962
2023_1222_1369,0.9850450674801589
2023_1222_1388,0.7328905073496891
2023_1222_1394,0.974881572709104
2023_1222_1395,0.7290417405216219
2023_1222_1397,0.6427870146148142
2023_1222_1400,0.5416079214026495
2023_1222_1401,0.6505661779042095
2023_1222_1411,0.9936178938277708
2023_1222_1417,0.5820955588455767
2023_1222_1418,0.9237912448066431
2023_1222_1421,0.9671032340437111
2023_1222_1425,0.7800575553566984
2023_1222_1429,0.8097172861316879
2023_1222_1433,0.8109454114256018
2023_1222_1436,0.9442130432176645
2023_1222_1438,0.6277682983409464
2023_1222_1452,0.7498394213646394
2023_1222_1462,0.6816304357161544
2023_1224_1228,0.025253924540432404
2023_1224_1231,0.020994836433447905
2023_1224_1233,0.07797719760233912
2023_1224_1234,0.026621892517435852
2023_1224_1235,0.033711049901975154
2023_1224_1242,0.01657614276744923
2023_1224_1243,0.03877854059593144
2023_1224_1244,0.2627572860618449
2023_1224_1245,0.06047428651449094
2023_1224_1246,0.021868131237681165
2023_1224_1266,0.013777538978815618
2023_1224_1268,0.03465597832787071
2023_1224_1272,0.0274778768584506
2023_1224_1274,0.023001427190009305
2023_1224_1277,0.0403624195975979
2023_1224_1280,0.03222910673072832
2023_1224_1281,0.018308672648182145
2023_1224_1286,0.16513414143946503
2023_1224_1297,0.17987557111145291
2023_1224_1301,0.037531659423085784
2023_1224_1305,0.09893127188141271
2023_1224_1321,0.046880733728963286
2023_1224_1331,0.08904446582671854
2023_1224_1336,0.037822876921410176
2023_1224_1338,0.05706400644339593
2023_1224_1343,0.12493530436034583
2023_1224_1344,0.0292187843718571
2023_1224_1345,0.013796661835989266
2023_1224_1361,0.031413653629654426
2023_1224_1364,0.13258923293338531
2023_1224_1369,0.4367763638418898
2023_1224_1388,0.03129311346391572
2023_1224_1394,0.3136333338274153
2023_1224_1395,0.030705238790381784
2023_1224_1397,0.020746348543731252
2023_1224_1400,0.013720019697121999
2023_1224_1401,0.021449462606335623
2023_1224_1411,0.6470170478016217
2023_1224_1417,0.01613465108289991
2023_1224_1418,0.12489265966370822
2023_1224_1421,0.25712398076474696
2023_1224_1425,0.04008279424373351
2023_1224_1429,0.047710051762355765
2023_1224_1433,0.048074415316444186
2023_1224_1436,0.16616005715680737
2023_1224_1438,0.019469453626814737
2023_1224_1452,0.03408739727359422
2023_1224_1462,0.02458738891134249
2023_1228_1231,0.4557546022842912
2023_1228_1233,0.7675736708847085
2023_1228_1234,0.5164380636645218
2023_1228_1235,0.5766844673584918
2023_1228_1242,0.3969329345638538
2023_1228_1243,0.611703116014559
2023_1228_1244,0.9329634627290169
2023_1228_1245,0.7153797595691448
2023_1228_1246,0.4661022147191005
2023_1228_1266,0.3529658805084165
2023_1228_1268,0.5836561077299336
2023_1228_1272,0.524555988584299
2023_1228_1274,0.478983823657117
2023_1228_1277,0.6215560495575183
2023_1228_1280,0.565297256825018
2023_1228_1281,0.42138573330188966
2023_1228_1286,0.8853705717199424
2023_1228_1297,0.8954465333186711
2023_1228_1301,0.6036024865305281
2023_1228_1305,0.8108677573229828
2023_1228_1321,0.6576144584647005
2023_1228_1331,0.7924005383608929
2023_1228_1336,0.6055226480744693
2023_1228_1338,0.7026585262483005
2023_1228_1343,0.847911396728893
2023_1228_1344,0.5402937662271832
2023_1228_1345,0.353287142159208
2023_1228_1361,0.5587818334618345
2023_1228_1364,0.856504745316817
2023_1228_1369,0.9680329116134136
2023_1228_1388,0.5578030672909935
2023_1228_1394,0.9469306974439378
2023_1228_1395,0.5529702830923102
2023_1228_1397,0.4527400538986025
2023_1228_1400,0.35199771222097664
2023_1228_1401,0.46118868753508313
2023_1228_1411,0.9862214453008306
2023_1228_1417,0.3903823805830805
2023_1228_1418,0.8478610803563414
2023_1228_1421,0.9311085558728033
2023_1228_1425,0.6198507526266475
2023_1228_1429,0.6617465609333337
2023_1228_1433,0.6635328690860793
2023_1228_1436,0.8861217757078252
2023_1228_1438,0.43673284144741487
2023_1228_1452,0.5794872934630385
2023_1228_1462,0.4960470210217882
2023_1231_1233,0.7964952103104238
2023_1231_1234,0.5586404912093783
2023_1231_1235,0.617523012779935
2023_1231_1242,0.4382196541223149
2023_1231_1243,0.6512066206568801
2023_1231_1244,0.9428376510136849
2023_1231_1245,0.7486693738291361
2023_1231_1246,0.5085169186794173
2023_1231_1266,0.392657009389203
2023_1231_1268,0.6242602953180112
2023_1231_1272,0.5666444379601718
2023_1231_1274,0.5214259104901132
2023_1231_1277,0.6606133122195585
2023_1231_1280,0.6064847316782825
2023_1231_1281,0.46326208188946194
2023_1231_1286,0.9015149745474913
2023_1231_1297,0.9103155870362296
2023_1231_1301,0.6434497471378299
2023_1231_1305,0.8355562267455143
2023_1231_1321,0.6947777554599077
2023_1231_1331,0.8189614259266824
2023_1231_1336,0.6452903171915941
2023_1231_1338,0.7368887989303323
2023_1231_1343,0.8685482528628212
2023_1231_1344,0.582098948550458
2023_1231_1345,0.3929924549960977
2023_1231_1361,0.60014998332027
2023_1231_1364,0.8761458940098448
2023_1231_1369,0.9728916157775208
2023_1231_1388,0.599197161854133
2023_1231_1394,0.9548471414894367
2023_1231_1395,0.594487890830345
2023_1231_1397,0.4950663201209059
2023_1231_1400,0.3916458691273721
2023_1231_1401,0.5035779995108127
2023_1231_1411,0.9883489321101051
2023_1231_1417,0.4314752338643557
2023_1231_1418,0.8685037050905744
2023_1231_1421,0.9412387554993153
2023_1231_1425,0.6589874517996581
2023_1231_1429,0.6986668661346694
2023_1231_1433,0.7003464881634411
2023_1231_1436,0.9021720691929649
2023_1231_1438,0.4788720988800246
2023_1231_1452,0.6202335075056414
2023_1231_1462,0.5384385495617566
2023_1233_1234,0.23963144012474902
2023_1233_1235,0.28673394803060315
2023_1233_1242,0.16263682637184396
2023_1233_1243,0.31734495674391117
2023_1233_1244,0.8041837534943771
2023_1233_1245,0.425846112734529
2023_1233_1246,0.20484611916451823
2023_1233_1266,0.13865518042419733
2023_1233_1268,0.2926233925164332
2023_1233_1272,0.24560823213871164
2023_1233_1274,0.2133933044009121
2023_1233_1277,0.32644261246849005
2023_1233_1280,0.2773213161362884
2023_1233_1281,0.17688959655991832
2023_1233_1286,0.6950475874896203
2023_1233_1297,0.7164960716730095
2023_1233_1301,0.3100300476577482
2023_1233_1305,0.5585258334661967
2023_1233_1321,0.3617456036798574
2023_1233_1331,0.5297097831649404
2023_1233_1336,0.31175078342490625
2023_1233_1338,0.41084160195273944
2023_1233_1343,0.6219505857239418
2023_1233_1344,0.25750981699681796
2023_1233_1345,0.13882323218616877
2023_1233_1361,0.27204782185099285
2023_1233_1364,0.6378583369281368
2023_1233_1369,0.8993553339445546
2023_1233_1388,0.27126251876051977
2023_1233_1394,0.8403923311278083
2023_1233_1395,0.2674110153700503
2023_1233_1397,0.19622097678199169
2023_1233_1400,0.13814934445945293
2023_1233_1401,0.2016464986969967
2023_1233_1411,0.954795062148617
2023_1233_1417,0.15893383724889032
2023_1233_1418,0.6218588521439066
2023_1233_1421,0.7995311682790321
2023_1233_1425,0.3248519742081458
2023_1233_1429,0.3660059602182214
2023_1233_1433,0.36786214837049724
2023_1233_1436,0.696618657449747
2023_1233_1438,0.18619753681041806
2023_1233_1452,0.28908993321402277
2023_1233_1462,0.22508253134559342
2023_1234_1235,0.5545835573634863
2023_1234_1242,0.37560838563110865
2023_1234_1243,0.5901310694990853
2023_1234_1244,0.9271125583650341
2023_1234_1245,0.6967117557028509
2023_1234_1246,0.4437962647178404
2023_1234_1266,0.3327002872946979
2023_1234_1268,0.5616425048312451
2023_1234_1272,0.5020833452319233
2023_1234_1274,0.4565886083702878
2023_1234_1277,0.6001736018227444
2023_1234_1280,0.5430728865552069
2023_1234_1281,0.39961800312438345
2023_1234_1286,0.8759182463607145
2023_1234_1297,0.8867187632138247
2023_1234_1301,0.581888013459356
2023_1234_1305,0.7966827376684502
2023_1234_1321,0.6370797665493211
2023_1234_1331,0.77721101547135
2023_1234_1336,0.5838408394346977
2023_1234_1338,0.6835252640318277
2023_1234_1343,0.8359425565175305
2023_1234_1344,0.5178813031256204
2023_1234_1345,0.33301259699413344
2023_1234_1361,0.5364974801936893
2023_1234_1364,0.8450886192754331
2023_1234_1369,0.965128439857072
2023_1234_1388,0.5355103722354704
2023_1234_1394,0.9422233505289602
2023_1234_1395,0.5306389582745807
2023_1234_1397,0.4305578769792342
2023_1234_1400,0.331759204683452
2023_1234_1401,0.4389245663871586
2023_1234_1411,0.9849438476666696
2023_1234_1417,0.3691943071756346
2023_1234_1418,0.8358890468162575
2023_1234_1421,0.925108752181315
2023_1234_1425,0.5984342029584061
2023_1234_1429,0.6413245252075723
2023_1234_1433,0.6431605256509321
2023_1234_1436,0.8767227695338979
2023_1234_1438,0.4147405783821262
2023_1234_1452,0.5574204124089208
2023_1234_1462,0.4735791682343907
2023_1235_1242,0.3217355664796413
2023_1235_1243,0.5316901329384659
2023_1235_1244,0.909338289195722
2023_1235_1245,0.6443079715085418
2023_1235_1246,0.3861924496131295
2023_1235_1266,0.2822002301663956
2023_1235_1268,0.5025635271394675
2023_1235_1272,0.4429388902237815
2023_1235_1274,0.39851404674671553
2023_1235_1277,0.5420534010064528
2023_1235_1280,0.48379145404180324
2023_1235_1281,0.34419986568519334
2023_1235_1286,0.8477104583095538
2023_1235_1297,0.860575457221411
2023_1235_1301,0.5232213191751112
2023_1235_1305,0.7554903700990525
2023_1235_1321,0.580575237684652
2023_1235_1331,0.7333938246735368
2023_1235_1336,0.5252245838268921
2023_1235_1338,0.6300528722902838
2023_1235_1343,0.8007146152827739
2023_1235_1344,0.45858986379072475
2023_1235_1345,0.2824852026257093
2023_1235_1361,0.4771842266825306
2023_1235_1364,0.8113814734567035
2023_1235_1369,0.9561865854870267
2023_1235_1388,0.47619413049888937
2023_1235_1394,0.9278472074667717
2023_1235_1395,0.47131478791803083
2023_1235_1397,0.37351844287572555
2023_1235_1400,0.28134176761209795
2023_1235_1401,0.381519346226163
2023_1235_1411,0.9809829917383074
2023_1235_1417,0.3157761925255511
2023_1235_1418,0.8006523555306243
2023_1235_1421,0.906894908772235
2023_1235_1425,0.5402548414813567
2023_1235_1429,0.5850504262584899
2023_1235_1433,0.5869889761660951
2023_1235_1436,0.8486662766817663
2023_1235_1438,0.358477455952919
2023_1235_1452,0.498280723700225
2023_1235_1462,0.4149939088278991
2023_1242_1243,0.6977156306693268
2023_1242_1244,0.9532514199695804
2023_1242_1245,0.7864443153705438
2023_1242_1246,0.5612328743995214
2023_1242_1266,0.44421791048963033
2023_1242_1268,0.6725556937725152
2023_1242_1272,0.6178115375351292
2023_1242_1274,0.5739174115925065
2023_1242_1277,0.7064334587825647
2023_1242_1280,0.6558051584718658
2023_1242_1281,0.5162141045622717
2023_1242_1286,0.9188085843487165
2023_1242_1297,0.926190364219177
2023_1242_1301,0.6905014974397161
2023_1242_1305,0.8626675880387211
2023_1242_1321,0.7378160117767475
2023_1242_1331,0.8483120378533736
2023_1242_1336,0.6922153609769275
2023_1242_1338,0.7759043678254204
2023_1242_1343,0.8909303367965224
2023_1242_1344,0.6326243506488649
2023_1242_1345,0.4445651617622093
2023_1242_1361,0.6498059216847778
2023_1242_1364,0.8973871736669512
2023_1242_1369,0.9779581890791025
2023_1242_1388,0.6489022041393537
2023_1242_1394,0.963158527129101
2023_1242_1395,0.6444303873909876
2023_1242_1397,0.5479424549125069
2023_1242_1400,0.443170879364287
2023_1242_1401,0.556361541824751
2023_1242_1411,0.9905545717059845
2023_1242_1417,0.4840707388778144
2023_1242_1418,0.8908924212614765
2023_1242_1421,0.9519289580405591
2023_1242_1425,0.7049290589377012
2023_1242_1429,0.7413608776100296
2023_1242_1433,0.7428900995028721
2023_1242_1436,0.9193606164824084
2023_1242_1438,0.5318404022406935
2023_1242_1452,0.6687718615958618
2023_1242_1462,0.5905294020933727
2023_1243_1244,0.8950554750913606
2023_1243_1245,0.6063471672231315
2023_1243_1246,0.34853753227734974
2023_1243_1266,0.2505460677774204
2023_1243_1268,0.4621043023358945
2023_1243_1272,0.40338721443160697
2023_1243_1274,0.36036306789109385
2023_1243_1277,0.5016209193634283
2023_1243_1280,0.4434961051437728
2023_1243_1281,0.3085809618574864
2023_1243_1286,0.8255810542837386
2023_1243_1297,0.8399625581531533
2023_1243_1301,0.4827128692288635
2023_1243_1305,0.7243183204964323
2023_1243_1321,0.5406617538923707
2023_1243_1331,0.700521414971
2023_1243_1336,0.48471871676024314
2023_1243_1338,0.5915351884185885
2023_1243_1343,0.7735801850613853
2023_1243_1344,0.41869105034676957
2023_1243_1345,0.2508102442190707
2023_1243_1361,0.43697334903645124
2023_1243_1364,0.7853100104959534
2023_1243_1369,0.9488692428747031
2023_1243_1388,0.4359971076216511
2023_1243_1394,0.9162116055869403
2023_1243_1395,0.4311905905350406
2023_1243_1397,0.33642197451863276
2023_1243_1400,0.24975039416640787
2023_1243_1401,0.34406466439316197
2023_1243_1411,0.9777103960905165
2023_1243_1417,0.2818345863799564
2023_1243_1418,0.7735118459460318
2023_1243_1421,0.8922727670689046
2023_1243_1425,0.4998100957914038
2023_1243_1429,0.545229223923486
2023_1243_1433,0.547209830230905
2023_1243_1436,0.8266473613572906
2023_1243_1438,0.32210675465978234
2023_1243_1452,0.45784893835680507
2023_1243_1462,0.37625215280847857
2023_1244_1245,0.1534557643094454
2023_1244_1246,0.05923352294323114
2023_1244_1266,0.03785378423864749
2023_1244_1268,0.09182041558464737
2023_1244_1272,0.07370618215703284
2023_1244_1274,0.06218014694649687
2023_1244_1277,0.10590687827814571
2023_1244_1280,0.08574603236279454
2023_1244_1281,0.04990241753981661
2023_1244_1286,0.35775852276316467
2023_1244_1297,0.38183096851465526
2023_1244_1301,0.09895325884247108
2023_1244_1305,0.2361779437072693
2023_1244_1321,0.12166823509812252
2023_1244_1331,0.21586103563115733
2023_1244_1336,0.09967170739259501
2023_1244_1338,0.1456147175207969
2023_1244_1343,0.28677582557108805
2023_1244_1344,0.07814063204978128
2023_1244_1345,0.037905039907687677
2023_1244_1361,0.08369360816253602
2023_1244_1364,0.30093489080445035
2023_1244_1369,0.6859282045472836
2023_1244_1388,0.0833897310744861
2023_1244_1394,0.5627226978143434
2023_1244_1395,0.08190591567981431
2023_1244_1397,0.056305321611214265
2023_1244_1400,0.03769959233869702
2023_1244_1401,0.05814201102908767
2023_1244_1411,0.837719866928933
2023_1244_1417,0.04414557083152171
2023_1244_1418,0.2866960379165706
2023_1244_1421,0.49360935688643004
2023_1244_1425,0.1052229594240337
2023_1244_1429,0.12364890840618892
2023_1244_1433,0.12451738847069749
2023_1244_1436,0.3594658798949465
2023_1244_1438,0.05295820417543473
2023_1244_1452,0.09040179833722461
2023_1244_1462,0.06628422856833993
2023_1245_1246,0.2587898124390169
2023_1245_1266,0.17909423225299237
2023_1245_1268,0.3592390938701937
2023_1245_1272,0.3061532016168901
2023_1245_1274,0.2688268408386584
2023_1245_1277,0.3964424581645306
2023_1245_1280,0.3421383807480365
2023_1245_1281,0.2255596497567739
2023_1245_1286,0.7554387893460943
2023_1245_1297,0.7740207219764875
2023_1245_1301,0.3784881359478035
2023_1245_1305,0.6316239530798142
2023_1245_1321,0.43443296546000376
2023_1245_1331,0.604197993833095
2023_1245_1336,0.38037935929422806
2023_1245_1338,0.48588405832614245
2023_1245_1343,0.6903688540661679
2023_1245_1344,0.31974514687526934
2023_1245_1345,0.17930109396700933
2023_1245_1361,0.3362057453048287
2023_1245_1364,0.7047642796399278
2023_1245_1369,0.9237265101335724
2023_1245_1388,0.3353205515775227
2023_1245_1394,0.877090154771302
2023_1245_1395,0.33097260515917015
2023_1245_1397,0.24860347110463132
2023_1245_1400,0.17847143619456496
2023_1245_1401,0.25501783974452674
2023_1245_1411,0.9662453288497579
2023_1245_1417,0.20388723405582332
2023_1245_1418,0.6902854549755871
2023_1245_1421,0.8438786730659754
2023_1245_1425,0.39471061405651553
2023_1245_1429,0.4389606235648127
2023_1245_1433,0.44092948067534976
2023_1245_1436,0.7568075937885935
2023_1245_1438,0.23669216825118666
2023_1245_1452,0.35530527738514994
2023_1245_1462,0.28246221176937025
2023_1246_1266,0.3769477617956096
2023_1246_1268,0.6085697638966704
2023_1246_1272,0.5502812001207457
2023_1246_1274,0.5048472525523242
2023_1246_1277,0.6455789720818087
2023_1246_1280,0.5905387886348861
2023_1246_1281,0.4468061817751643
2023_1246_1286,0.8954635405406033
2023_1246_1297,0.9047477734694654
2023_1246_1301,0.6280831369548913
2023_1246_1305,0.8262331291568221
2023_1246_1321,0.6805249477895297
2023_1246_1331,0.8089126550897603
2023_1246_1336,0.629957412830922
2023_1246_1338,0.7238207557256138
2023_1246_1343,0.8607839810447605
2023_1246_1344,0.5658721815441043
2023_1246_1345,0.3772781236966053
2023_1246_1361,0.5841233651862761
2023_1246_1364,0.8687625737949294
2023_1246_1369,0.9710852687423955
2023_1246_1388,0.5831588788484292
2023_1246_1394,0.9518978629308976
2023_1246_1395,0.5783937567189019
2023_1246_1397,0.47848781327371104
2023_1246_1400,0.37595203377480113
2023_1246_1401,0.48698936312009056
2023_1246_1411,0.9875594011721069
2023_1246_1417,0.4152748534042837
2023_1246_1418,0.8607372239253026
2023_1246_1421,0.9374588287766146
2023_1246_1425,0.6439199099724324
2023_1246_1429,0.6845132012524204
2023_1246_1433,0.68623628580105
2023_1246_1436,0.8961563597608839
2023_1246_1438,0.46233933872160915
2023_1246_1452,0.6044813607433144
2023_1246_1462,0.5219088712972082
2023_1266_1268,0.7191909473280758
2023_1266_1272,0.6683993976964884
2023_1266_1274,0.6268056865989785
2023_1266_1277,0.7500370180910612
2023_1266_1280,0.703775307721596
2023_1266_1281,0.5709098332931412
2023_1266_1286,0.933822962502465
2023_1266_1297,0.9399289097364273
2023_1266_1301,0.7355857137897983
2023_1266_1305,0.886784621602964
2023_1266_1321,0.7782216686647357
2023_1266_1331,0.8745835523448825
2023_1266_1336,0.7371449584677898
2023_1266_1338,0.8119363421813451
2023_1266_1343,0.9105984901136304
2023_1266_1344,0.6822599082827941
2023_1266_1345,0.4995075964657132
2023_1266_1361,0.6982274393224224
2023_1266_1364,0.9160007649428664
2023_1266_1369,0.9822456490013396
2023_1266_1388,0.6973904875487399
2023_1266_1394,0.9702371302330162
2023_1266_1395,0.6932443016664593
2023_1266_1397,0.6018179870907298
2023_1266_1400,0.4980955254343281
2023_1266_1401,0.609947950343591
2023_1266_1411,0.9924108618184619
2023_1266_1417,0.5391562651688288
2023_1266_1418,0.910566725426509
2023_1266_1421,0.9610779838234416
2023_1266_1425,0.74867657227138
2023_1266_1429,0.7813821013408149
2023_1266_1433,0.7827440389185869
2023_1266_1436,0.9342802115623439
2023_1266_1438,0.5861856814381439
2023_1266_1452,0.7157182285639387
2023_1266_1462,0.6426396223060038
2023_1268_1272,0.44772801723433664
2023_1268_1274,0.4031704808276443
2023_1268_1277,0.5468621481930296
2023_1268_1280,0.488634837567958
2023_1268_1281,0.34858946625676024
2023_1268_1286,0.8501966161346759
2023_1268_1297,0.8628855619781259
2023_1268_1301,0.5280556432326744
2023_1268_1305,0.7590541260597037
2023_1268_1321,0.585288956145935
2023_1268_1331,0.7371675969072364
2023_1268_1336,0.530056839548722
2023_1268_1338,0.6345605407438297
2023_1268_1343,0.803790411180923
2023_1268_1344,0.4634074403811673
2023_1268_1345,0.2864315098943595
2023_1268_1361,0.48202322970216505
2023_1268_1364,0.8143308108559508
2023_1268_1369,0.9569916941727964
2023_1268_1388,0.48103233109669674
2023_1268_1394,0.9291344813700573
2023_1268_1395,0.4761484780536057
2023_1268_1397,0.37806639208898374
2023_1268_1400,0.2852784521773123
2023_1268_1401,0.3861046743800365
2023_1268_1411,0.9813413368885364
2023_1268_1417,0.3199801710677964
2023_1268_1418,0.8037288768118209
2023_1268_1421,0.9085191358716999
2023_1268_1425,0.5450666240812925
2023_1268_1429,0.5897493896981056
2023_1268_1433,0.5916813082096173
2023_1268_1436,0.8511395706726379
2023_1268_1438,0.3629483668257293
2023_1268_1452,0.503127782968624
2023_1268_1462,0.4197085368586231
2023_1272_1274,0.448666197473648
2023_1272_1277,0.5924761389448343
2023_1272_1280,0.5351276001965655
2023_1272_1281,0.3919710759185383
2023_1272_1286,0.8724007857341557
2023_1272_1297,0.8834667413198417
2023_1272_1301,0.5740883365004135
2023_1272_1305,0.7914539001004401
2023_1272_1321,0.6296543864666023
2023_1272_1331,0.7716249598546787
2023_1272_1336,0.57605105023057
2023_1272_1338,0.6765677258695963
2023_1272_1343,0.8315098537205451
2023_1272_1344,0.5098932940732548
2023_1272_1345,0.3259482573845457
2023_1272_1361,0.5285371173257774
2023_1272_1364,0.8408559901000816
2023_1272_1369,0.9640360694273246
2023_1272_1388,0.5275479855744121
2023_1272_1394,0.9404577318757945
2023_1272_1395,0.5226674994217566
2023_1272_1397,0.4227357680554983
2023_1272_1400,0.32470850966167797
2023_1272_1401,0.43106552068275905
2023_1272_1411,0.9844622123497463
2023_1272_1417,0.3617787475877883
2023_1272_1418,0.8314551897330781
2023_1272_1421,0.9228629394133328
2023_1272_1425,0.5907260887550203
2023_1272_1429,0.63393609061223
2023_1272_1433,0.6357884329544812
2023_1272_1436,0.8732248145861121
2023_1272_1438,0.40700044277687375
2023_1272_1452,0.5495176612203672
2023_1272_1462,0.4656145514343243
2023_1274_1277,0.6432181092179042
2023_1274_1280,0.5880452475497582
2023_1274_1281,0.44426105990012976
2023_1274_1286,0.8944951761593293
2023_1274_1297,0.903856178756965
2023_1274_1301,0.625673306360492
2023_1274_1305,0.8247489655537844
2023_1274_1321,0.6782808616161782
2023_1274_1331,0.807315055300464
2023_1274_1336,0.6275525250982874
2023_1274_1338,0.721756446633181
2023_1274_1343,0.859544754459904
2023_1274_1344,0.5633394985419361
2023_1274_1345,0.3748606763471978
2023_1274_1361,0.5816184345683693
2023_1274_1364,0.8675834430136652
2023_1274_1369,0.9707945724339357
2023_1274_1388,0.5806523094689175
2023_1274_1394,0.9514239141050401
2023_1274_1395,0.575879372898483
2023_1274_1397,0.4759174817870553
2023_1274_1400,0.3735379865451458
2023_1274_1401,0.4844157831271807
2023_1274_1411,0.9874321852174179
2023_1274_1417,0.4127753224828079
2023_1274_1418,0.8594976490693589
2023_1274_1421,0.9368520504796245
2023_1274_1425,0.6415541318335992
2023_1274_1429,0.6822840505640688
2023_1274_1433,0.6840136898030371
2023_1274_1436,0.8951936620933043
2023_1274_1438,0.4597792756178464
2023_1274_1452,0.6020155050987632
2023_1274_1462,0.5193375672033578
2023_1277_1280,0.4370997474402484
2023_1277_1281,0.30307073704823717
2023_1277_1286,0.8218118468961167
2023_1277_1297,0.8364425659189256
2023_1277_1301,0.47623492956349534
2023_1277_1305,0.7191053602747934
2023_1277_1321,0.5342092541789587
2023_1277_1331,0.6950479227990501
2023_1277_1336,0.47823874512460485
2023_1277_1338,0.5852491157950642
2023_1277_1343,0.7690016590389934
2023_1277_1344,0.41238733909469594
2023_1277_1345,0.24596463400654156
2023_1277_1361,0.43059827522162986
2023_1277_1364,0.7809014984684229
2023_1277_1369,0.9475951853179407
2023_1277_1388,0.4296254083766433
2023_1277_1394,0.914197381336676
2023_1277_1395,0.4248362235841878
2023_1277_1397,0.3306523495051019
2023_1277_1400,0.2449185661985882
2023_1277_1401,0.33823077584434214
2023_1277_1411,0.97713767643366
2023_1277_1417,0.2766108922103563
2023_1277_1418,0.7689323507869195
2023_1277_1421,0.8897523140306552
2023_1277_1425,0.4933215261960655
2023_1277_1429,0.538786152390832
2023_1277_1433,0.5407711847853044
2023_1277_1436,0.8228962537678477
2023_1277_1438,0.3164655516612229
2023_1277_1452,0.45141348977494966
2023_1277_1462,0.3701805048579515
2023_1280_1281,0.3615365483835924
2023_1280_1286,0.8572564962575017
2023_1280_1297,0.8694392740962978
2023_1280_1301,0.5421210396979943
2023_1280_1305,0.7692435177473915
2023_1280_1321,0.5989441170736691
2023_1280_1331,0.7479752413035659
2023_1280_1336,0.5441140847257085
2023_1280_1338,0.6475702394700691
2023_1280_1343,0.8125551298860636
2023_1280_1344,0.4774930824722905
2023_1280_1345,0.2981265365824375
2023_1280_1361,0.49615151725260365
2023_1280_1364,0.8227285294314861
2023_1280_1369,0.9592597486144704
2023_1280_1388,0.49515933924450917
2023_1280_1394,0.93276838752152
2023_1280_1395,0.4902675542171264
2023_1280_1397,0.3914503840633533
2023_1280_1400,0.29694599115749765
2023_1280_1401,0.3995903990827372
2023_1280_1411,0.9823489904515506
2023_1280_1417,0.3324068910830187
2023_1280_1418,0.8124957030532859
2023_1280_1421,0.9131113158574137
2023_1280_1425,0.5590483930438488
2023_1280_1429,0.6033572130562177
2023_1280_1433,0.6052679414221815
2023_1280_1436,0.8581624253299499
2023_1280_1438,0.37612082825256277
2023_1280_1452,0.5172569301726675
2023_1280_1462,0.43353908380990736
2023_1281_1286,0.9135262346862206
2023_1281_1297,0.9213471645508909
2023_1281_1301,0.6756095887437075
2023_1281_1305,0.8543118372329788
2023_1281_1321,0.7242916844752423
2023_1281_1331,0.8392456101446095
2023_1281_1336,0.6773673858495104
2023_1281_1338,0.7637155652758145
2023_1281_1343,0.8840630808434908
2023_1281_1344,0.6164943105281213
2023_1281_1345,0.42764844711716454
2023_1281_1361,0.6339938117610913
2023_1281_1364,0.8908766602393686
2023_1281_1369,0.9764254001712496
2023_1281_1388,0.6330723306708363
2023_1281_1394,0.960637992022569
2023_1281_1395,0.628514318061452
2023_1281_1397,0.530851635323692
2023_1281_1400,0.42626650298976054
2023_1281_1401,0.5393214135641727
2023_1281_1411,0.9898886793631821
2023_1281_1417,0.4669144449688616
2023_1281_1418,0.8840230888257959
2023_1281_1421,0.9486810794773983
2023_1281_1425,0.6904201122862565
2023_1281_1429,0.7279519835462179
2023_1281_1433,0.7295315626075928
2023_1281_1436,0.9141108249406162
2023_1281_1438,0.514680008870275
2023_1281_1452,0.6533592832284971
2023_1281_1462,0.5737962995041244
2023_1286_1297,0.5249340739694963
2023_1286_1301,0.16419967538672253
2023_1286_1305,0.3561425399198628
2023_1286_1321,0.1985910913113389
2023_1286_1331,0.3299638863239984
2023_1286_1336,0.1653049363020519
2023_1286_1338,0.23364994529969563
2023_1286_1343,0.41836424298232333
2023_1286_1344,0.1316692613241376
2023_1286_1345,0.06583963761356948
2023_1286_1361,0.14044665151810443
2023_1286_1364,0.4350572066846631
2023_1286_1369,0.7962069896368871
2023_1286_1388,0.139968190180206
2023_1286_1394,0.6971625531826613
2023_1286_1395,0.13762879438771014
2023_1286_1397,0.09644094505330025
2023_1286_1400,0.06549308966867129
2023_1286_1401,0.09944889548488645
2023_1286_1411,0.9022927012346302
2023_1286_1417,0.07631440594803651
2023_1286_1418,0.4182693148240769
2023_1286_1421,0.6355355572195419
2023_1286_1425,0.1738059768345379
2023_1286_1429,0.2015366809318413
2023_1286_1433,0.20282561137632982
2023_1286_1436,0.5009799689908494
2023_1286_1438,0.09093784516305314
2023_1286_1452,0.15095430961433887
2023_1286_1462,0.11268366548227504
2023_1297_1301,0.15183708100859405
2023_1297_1305,0.33512300000668016
2023_1297_1321,0.1842098536953387
2023_1297_1331,0.30974611336699265
2023_1297_1336,0.15287434750984785
2023_1297_1338,0.2174186483646241
2023_1297_1343,0.3959306195457566
2023_1297_1344,0.12140013310039754
2023_1297_1345,0.06034786456708696
2023_1297_1361,0.1295951272152438
2023_1297_1364,0.41236307943646544
2023_1297_1369,0.7807078682534054
2023_1297_1388,0.1291480794455131
2023_1297_1394,0.6771848280276869
2023_1297_1395,0.1269628311190507
2023_1297_1397,0.08863887217675093
2023_1297_1400,0.06002836517657684
2023_1297_1401,0.09142810248572719
2023_1297_1411,0.8937854448118976
2023_1297_1417,0.07001440238476098
2023_1297_1418,0.39583731742624295
2023_1297_1421,0.6137448045107257
2023_1297_1425,0.16085932333257646
2023_1297_1429,0.18699190564796164
2023_1297_1433,0.18820974130499057
2023_1297_1436,0.47775513690480675
2023_1297_1438,0.08353981143091016
2023_1297_1452,0.13942260539206697
2023_1297_1462,0.10371839298829566
2023_1301_1305,0.7403234040658799
2023_1301_1321,0.5608649205662499
2023_1301_1331,0.7173689714810036
2023_1301_1336,0.5051302831843623
2023_1301_1338,0.6111102332891704
2023_1301_1343,0.7875641042572247
2023_1301_1344,0.438689330223231
2023_1301_1345,0.2664655463984176
2023_1301_1361,0.45715812613172224
2023_1301_1364,0.7987579437905707
2023_1301_1369,0.9526892312469961
2023_1301_1388,0.4561733264599751
2023_1301_1394,0.9222715865315494
2023_1301_1395,0.4513223714068716
2023_1301_1397,0.3548897242991963
2023_1301_1400,0.26536297364648376
2023_1301_1401,0.36272262782188225
2023_1301_1411,0.9794223849644047
2023_1301_1417,0.29865443223656796
2023_1301_1418,0.7874988264180602
2023_1301_1421,0.8998749131480401
2023_1301_1425,0.5202155767181312
2023_1301_1429,0.5653929841782388
2023_1301_1433,0.5673554571662978
2023_1301_1436,0.8380399851984018
2023_1301_1438,0.3401915408216045
2023_1301_1452,0.4781790331311597
2023_1301_1462,0.3956028694684439
2023_1305_1321,0.31082012030783046
2023_1305_1331,0.47264909606980243
2023_1305_1336,0.2649418714815466
2023_1305_1338,0.35686902569880097
2023_1305_1343,0.5669317299068131
2023_1305_1344,0.21628574933965639
2023_1305_1345,0.1136900735018217
2023_1305_1361,0.22921488212579133
2023_1305_1364,0.5836046272462754
2023_1305_1369,0.8767049055387371
2023_1305_1388,0.22851440884016627
2023_1305_1394,0.8073151070918622
2023_1305_1395,0.22508239343848424
2023_1305_1397,0.1626590349723127
2023_1305_1400,0.1131221632246634
2023_1305_1401,0.16734977806776608
2023_1305_1411,0.9438424526268814
2023_1305_1417,0.13071239769796383
2023_1305_1418,0.5668359439814272
2023_1305_1421,0.7604001393156177
2023_1305_1425,0.27686726818611196
2023_1305_1429,0.3147765083130497
2023_1305_1433,0.3165025895418466
2023_1305_1436,0.6462864325432853
2023_1305_1438,0.15402149881540972
2023_1305_1452,0.2444749050943238
2023_1305_1462,0.1877370787046081
2023_1321_1331,0.6670273112018847
2023_1321_1336,0.44617050816375825
2023_1321_1338,0.5536190052854093
2023_1321_1343,0.7452860516449611
2023_1321_1344,0.38150607952731086
2023_1321_1345,0.22282009819046233
2023_1321_1361,0.39927994002680633
2023_1321_1364,0.7580231702544602
2023_1321_1369,0.9408035783049509
2023_1321_1388,0.39832833221328545
2023_1321_1394,0.9035181541971777
2023_1321_1395,0.3936472457516498
2023_1321_1397,0.30273837857489083
2023_1321_1400,0.22184350275976317
2023_1321_1401,0.30997330679115853
2023_1321_1411,0.9740699761800873
2023_1321_1417,0.25154463864680043
2023_1321_1418,0.7452119853685724
2023_1321_1421,0.8764417959168569
2023_1321_1425,0.46113577374260206
2023_1321_1429,0.5065999401781778
2023_1321_1433,0.5085971552875158
2023_1321_1436,0.8032984645356787
2023_1321_1438,0.2892317213547939
2023_1321_1452,0.4196971173804832
2023_1321_1462,0.34062771543568937
2023_1331_1336,0.2918217267184656
2023_1331_1338,0.38815049853037276
2023_1331_1343,0.5994634234739404
2023_1331_1344,0.23983986077054564
2023_1331_1345,0.12789455136324934
2023_1331_1361,0.2537211770876957
2023_1331_1364,0.6157327824749845
2023_1331_1369,0.8904627106558581
2023_1331_1388,0.25297039227516904
2023_1331_1394,0.8272904053006312
2023_1331_1395,0.2492897624336765
2023_1331_1397,0.18172724855891786
2023_1331_1400,0.12726587464204187
2023_1331_1401,0.18684517628114194
2023_1331_1411,0.9505314688563036
2023_1331_1417,0.14669165179349342
2023_1331_1418,0.5993697482040465
2023_1331_1421,0.7839373802286891
2023_1331_1425,0.3044558908633751
2023_1331_1429,0.34434384347491187
2023_1331_1433,0.34615015391044035
2023_1331_1436,0.676261054461159
2023_1331_1438,0.17228548802926014
2023_1331_1452,0.27004111853827817
2023_1331_1462,0.2090113185863347
2023_1336_1338,0.61849803059956
2023_1336_1343,0.7927366815869304
2023_1336_1344,0.44638529934944693
2023_1336_1345,0.2726075277978931
2023_1336_1361,0.46490973982311
2023_1336_1364,0.8037258894812929
2023_1336_1369,0.9540756452945517
2023_1336_1388,0.46392251251410843
2023_1336_1394,0.9244787111423065
2023_1336_1395,0.4590587127398036
2023_1336_1397,0.36206385469151314
2023_1336_1400,0.2714889469778674
2023_1336_1401,0.3699642930479452
2023_1336_1411,0.9800418114598538
2023_1336_1417,0.30522963097010125
2023_1336_1418,0.7926725747672603
2023_1336_1421,0.902650870865066
2023_1336_1425,0.5279964307153553
2023_1336_1429,0.573042495605677
2023_1336_1433,0.574996391809571
2023_1336_1436,0.8422297391138005
2023_1336_1438,0.3472284726644572
2023_1336_1452,0.4859679904644961
2023_1336_1462,0.4030857704142963
2023_1338_1343,0.706450709937273
2023_1338_1344,0.33657837943480395
2023_1338_1345,0.19081453010223126
2023_1338_1361,0.3534552899326284
2023_1338_1364,0.7204012649292915
2023_1338_1369,0.9289356848494909
2023_1338_1388,0.35254880107222175
2023_1338_1394,0.8850881819068798
2023_1338_1395,0.3480944542591464
2023_1338_1397,0.263140177092403
2023_1338_1400,0.18994392761638446
2023_1338_1401,0.26979494406822746
2023_1338_1411,0.9686491937832235
2023_1338_1417,0.21656282314289677
2023_1338_1418,0.7063698001405427
2023_1338_1421,0.8536773092161588
2023_1338_1425,0.41309382723407617
2023_1338_1429,0.4578458540081295
2023_1338_1433,0.45982999164679506
2023_1338_1436,0.7705854120713631
2023_1338_1438,0.25076482159320934
2023_1338_1452,0.37298413226687455
2023_1338_1462,0.29819305341452995
2023_1343_1344,0.179507337659099
2023_1343_1345,0.092302876533776
2023_1343_1361,0.19077310258338942
2023_1343_1364,0.5263115896676671
2023_1343_1369,0.8493286166588002
2023_1343_1388,0.19016112331442891
2023_1343_1394,0.7685982515303065
2023_1343_1395,0.18716538388860504
2023_1343_1397,0.13344686966706065
2023_1343_1400,0.09183073151070986
2023_1343_1401,0.1374334622226443
2023_1343_1411,0.9301862154245751
2023_1343_1417,0.1065077976660882
2023_1343_1418,0.5091761024791461
2023_1343_1421,0.7155776134263314
2023_1343_1425,0.23284793744656052
2023_1343_1429,0.2669549950138893
2023_1343_1433,0.26852160754347154
2023_1343_1436,0.5915823260066011
2023_1343_1438,0.12612690270684057
2023_1343_1452,0.20415171006302857
2023_1343_1462,0.15485402467143805
2023_1344_1345,0.31167118328184307
2023_1344_1361,0.5121283611172636
2023_1344_1364,0.8318591618709916
2023_1344_1369,0.961685627075351
2023_1344_1388,0.511136645260658
2023_1344_1394,0.936667548902171
2023_1344_1395,0.50624529940688
2023_1344_1397,0.4067776716979976
2023_1344_1400,0.31046072720495266
2023_1344_1401,0.4150190468969229
2023_1344_1411,0.9834237775959563
2023_1344_1417,0.3467395730369165
2023_1344_1418,0.8220393872555745
2023_1344_1421,0.918050348868679
2023_1344_1425,0.57474026524195
2023_1344_1429,0.6185481758506267
2023_1344_1433,0.6204317617777484
2023_1344_1436,0.8657657565426482
2023_1344_1438,0.3912337707893718
2023_1344_1452,0.5331941904497559
2023_1344_1462,0.4492976351830129
2023_1345_1361,0.7017193185684805
2023_1345_1364,0.9172713073809354
2023_1345_1369,0.9825333014771472
2023_1345_1388,0.7008879026078227
2023_1345_1394,0.9707135413946499
2023_1345_1395,0.6967688004953478
2023_1345_1397,0.6057956117241237
2023_1345_1400,0.5022523247596338
2023_1345_1401,0.6138964648017681
2023_1345_1411,0.9925350711880851
2023_1345_1417,0.5432848126920424
2023_1345_1418,0.9119115569731029
2023_1345_1421,0.9616952163730026
2023_1345_1425,0.7517922091145446
2023_1345_1429,0.7842091524365866
2023_1345_1433,0.7855583115371713
2023_1345_1436,0.9352937967293881
2023_1345_1438,0.5902131338643752
2023_1345_1452,0.7190891434015623
2023_1345_1462,0.6464490235389455
2023_1361_1364,0.8242573173635376
2023_1361_1369,0.9596688120604981
2023_1361_1388,0.497788668172352
2023_1361_1394,0.9334249839794592
2023_1361_1395,0.49289626856693136
2023_1361_1397,0.39395875834767313
2023_1361_1400,0.29914647490668567
2023_1361_1401,0.40211646729549866
2023_1361_1411,0.9825304421978325
2023_1361_1417,0.3347450368279469
2023_1361_1418,0.81409279795927
2023_1361_1421,0.9139421752356841
2023_1361_1425,0.561639552869972
2023_1361_1429,0.6058715629710801
2023_1361_1433,0.6077780528449475
2023_1361_1436,0.8594378398435742
2023_1361_1438,0.37859208348844786
2023_1361_1452,0.5198827628778705
2023_1361_1462,0.4361238746104631
2023_1364_1369,0.8357543729462557
2023_1364_1388,0.17489327163293333
2023_1364_1394,0.7498926389320213
2023_1364_1395,0.17208694678185976
2023_1364_1397,0.12204631274039679
2023_1364_1400,0.08364232994296028
2023_1364_1401,0.1257417451148124
2023_1364_1411,0.9232381939303069
2023_1364_1417,0.09715066565993524
2023_1364_1418,0.48358971545250107
2023_1364_1421,0.6942907647110839
2023_1364_1425,0.21506296128184443
2023_1364_1429,0.2474050555197992
2023_1364_1433,0.24889589452958705
2023_1364_1436,0.5666355430044095
2023_1364_1438,0.1152685165463454
2023_1364_1452,0.188021363642078
2023_1364_1462,0.14192415209536013
2023_1369_1388,0.040056975754991675
2023_1369_1394,0.3711714669858357
2023_1369_1395,0.03931114374124811
2023_1369_1397,0.02663773468239461
2023_1369_1400,0.017652090894297312
2023_1369_1401,0.02753489936277076
2023_1369_1411,0.7030670278194009
2023_1369_1417,0.02074418537282463
2023_1369_1418,0.15565765116814723
2023_1369_1421,0.3089617143564206
2023_1369_1425,0.051178219389839574
2023_1369_1429,0.06078310699339906
2023_1369_1433,0.06124088940538719
2023_1369_1436,0.20471251696189208
2023_1369_1438,0.02500749700659477
2023_1369_1452,0.04359859825935386
2023_1369_1462,0.031534398899943694
2023_1388_1394,0.9347469942393082
2023_1388_1395,0.49826393761285004
2023_1388_1397,0.39909694709447896
2023_1388_1400,0.3036676915618871
2023_1388_1401,0.4072895488692906
2023_1388_1411,0.9828952117669139
2023_1388_1417,0.3395436215674752
2023_1388_1418,0.8173206838463903
2023_1388_1421,0.9156160896488902
2023_1388_1425,0.566918918980616
2023_1388_1429,0.6109871955986428
2023_1388_1433,0.6128847508520596
2023_1388_1436,0.8620118551798213
2023_1388_1438,0.38365672919917315
2023_1388_1452,0.5252399213622243
2023_1388_1462,0.4414114524324323
2023_1394_1395,0.06558216035977493
2023_1394_1397,0.044834574040692465
2023_1394_1400,0.029899186331647454
2023_1394_1401,0.04631544988648062
2023_1394_1411,0.8024167921733231
2023_1394_1417,0.03506002294930832
2023_1394_1418,0.24023776294898058
2023_1394_1421,0.43402315055675045
2023_1394_1425,0.08468076736589025
2023_1394_1429,0.09991116974464465
2023_1394_1433,0.10063206718709994
2023_1394_1436,0.30627877630001266
2023_1394_1438,0.04213889646160229
2023_1394_1452,0.072518567638166
2023_1394_1462,0.05289448508812311
2023_1395_1397,0.3929181413617897
2023_1395_1400,0.29823305664094524
2023_1395_1401,0.40106856241379885
2023_1395_1411,0.9824554387162294
2023_1395_1417,0.3337746873616271
2023_1395_1418,0.8134319461406727
2023_1395_1421,0.9135985916275415
2023_1395_1425,0.5605657006173193
2023_1395_1429,0.6048298270937364
2023_1395_1433,0.6067380852708868
2023_1395_1436,0.8589102421909992
2023_1395_1438,0.377566768761886
2023_1395_1452,0.518794261177422
2023_1395_1462,0.4350518336957858
2023_1397_1400,0.394676327121689
2023_1397_1401,0.5067531050675802
2023_1397_1411,0.9884942940227888
2023_1397_1417,0.43459371816444425
2023_1397_1418,0.8699475392395457
2023_1397_1421,0.9419373476976901
2023_1397_1425,0.6618360520616071
2023_1397_1429,0.7013342324044327
2023_1397_1433,0.7030053067399862
2023_1397_1436,0.9032873893316449
2023_1397_1438,0.48204269233300456
2023_1397_1452,0.6232207416974218
2023_1397_1462,0.5415936546288305
2023_1400_1401,0.613143891335231
2023_1400_1411,0.9925115183121463
2023_1400_1417,0.5424971765174094
2023_1400_1418,0.9116562675779506
2023_1400_1421,0.9615781262378016
2023_1400_1425,0.7511994838917277
2023_1400_1429,0.783671564112427
2023_1400_1433,0.7850231629196874
2023_1400_1436,0.9351014488661873
2023_1400_1438,0.5894452699818895
2023_1400_1452,0.7184475700411408
2023_1400_1462,0.64572328329586
2023_1401_1411,0.9880581659260729
2023_1401_1417,0.42536709458637123
2023_1401_1418,0.8656286855011399
2023_1401_1421,0.9398438578420917
2023_1401_1425,0.6533599130131539
2023_1401_1429,0.6933894689397433
2023_1401_1433,0.6950856691798308
2023_1401_1436,0.899948369610914
2023_1401_1438,0.47265080976397944
2023_1401_1452,0.6143407090144977
2023_1401_1462,0.53223375232313
2023_1411_1417,0.008655797557321376
2023_1411_1418,0.07061998539354308
2023_1411_1421,0.15560713468435272
2023_1411_1425,0.021748702494053584
2023_1411_1429,0.025981638633499116
2023_1411_1433,0.02618462422334289
2023_1411_1436,0.09592006717285695
2023_1411_1438,0.010461263533515397
2023_1411_1452,0.018442944752154244
2023_1411_1462,0.013243198229964448
2023_1417_1418,0.8952364229441563
2023_1417_1421,0.9539684164611152
2023_1417_1425,0.7143026505156496
2023_1417_1429,0.7499875960152715
2023_1417_1433,0.7514829099581763
2023_1417_1436,0.9226695704086878
2023_1417_1438,0.5431490394148578
2023_1417_1452,0.6787706552427966
2023_1417_1462,0.6014826559897933
2023_1418_1421,0.7087965142491499
2023_1418_1425,0.2269905496194493
2023_1418_1429,0.260531005818907
2023_1418_1433,0.26207339732817436
2023_1418_1436,0.5835653829992067
2023_1418_1438,0.12252535569281231
2023_1418_1452,0.19882909605775112
2023_1418_1462,0.15057351901930072
2023_1421_1425,0.10779726503059928
2023_1421_1429,0.12661022221208418
2023_1421_1433,0.12749647579374512
2023_1421_1436,0.3657179827302589
2023_1421_1438,0.054331481412084326
2023_1421_1452,0.09265104690384551
2023_1421_1462,0.06797826321152867
2023_1425_1429,0.5403946545059923
2023_1425_1433,0.5423786440112524
2023_1425_1436,0.8238378782845768
2023_1425_1438,0.31786776842042685
2023_1425_1452,0.45301735628506123
2023_1425_1462,0.3716913040846377
2023_1429_1433,0.5027512931845652
2023_1429_1436,0.7995768988202647
2023_1429_1438,0.2844477535378154
2023_1429_1452,0.4140121817482435
2023_1429_1462,0.33539478812544077
2023_1433_1436,0.7961927964981882
2023_1433_1438,0.28019587787967437
2023_1433_1452,0.40893040646957246
2023_1433_1462,0.33073335769623047
2023_1436_1438,0.09388046814419704
2023_1436_1452,0.15550676983949074
2023_1436_1462,0.11623997694332167
2023_1438_1452,0.6408963466771462
2023_1438_1462,0.5603974840051515
2023_1452_1462,0.41662018239291765
